USE PurpleLaneFurnitureStore

INSERT INTO Staff VALUES 
('ST001', 'Robert', 'Male', 'robert@purplelane.com', '082385945993', 'Jl. Riau No. 43', 5000000),
('ST002', 'Bambang', 'Male', 'bambang@purplelane.com', '081100433521', 'Jl. Lintas Sumatera Km. 100', 4000000),
('ST003', 'Chris', 'Male', 'chris@purplelane.com', '081193849312', 'Jl. Ring Road No. 2', 4500000),
('ST004', 'Becky', 'Female', 'becky@purplelane.com', '081399203344', 'Jl. Semeru No. 8', 5500000),
('ST005', 'Brittany', 'Female', 'brittany@purplelane.com', '089979932944', 'Jl. Tanjung Datuk No. 43', 6000000),
('ST006', 'Oscar', 'Male', 'oscar@purplelane.com', '081343553364', 'Jl. Riau No. 42', 4000000),
('ST007', 'Nathan', 'Male', 'nathan@purplelane.com', '082385715993', 'Jl. Kamboja No. 33', 5000000),
('ST008', 'Harry', 'Male', 'harry@purplelane.com', '085493458487', 'Jl. Mimpi No. 3', 8000000),
('ST009', 'Bonona', 'Male', 'bono@purplelane.com', '082385945900', 'Jl. Lintas Timur No. 43', 9000000),
('ST010', 'Clara', 'Female', 'clara@purplelane.com', '082385946773', 'Jl. Perumahan Eksklusif No. 4', 12000000),
('ST011', 'Nunung', 'Female', 'nunung@purplelane.com', '083455945993', 'Jl. Oasis No. 2', 9000000),
('ST012', 'Marcus', 'Male', 'marcus@purplelane.com', '082349149493', 'Jl. Ceria No. 39', 12500000),
('ST013', 'Diana', 'Female', 'diana@purplelane.com', '081188394345', 'Jl. Perumahan Eksklusif No. 3', 15000000),
('ST014', 'Hera Raja', 'Female', 'hera@purplelane.com', '081100000234', 'Jl. Perumahan Eksklusif No. 2', 17500000),
('ST015', 'Zeus Sampan', 'Male', 'zeus@purplelane.com', '0811000001', 'Jl. Perumahan Eksklusif No. 1', 24000000)


INSERT INTO Customer VALUES 
('CU001', 'Wisnu Otomo', 'Male', '082348931293', 'Jl. Jendral Sudirman No. 1', 'wisnu123@gmail.com'),
('CU002', 'Lina Aswati', 'Female', '081294953023', 'Jl. Jendral Sudirman No. 8', 'lina456@gmail.com'),
('CU003', 'Jajang Nurdjaman', 'Male', '085699424842', 'Jl. KH. Nasution No. 3', 'janur@yahoo.com'),
('CU004', 'Joko Antur', 'Male', '082100495532', 'Jl. Mangga No. 34', 'jokobro@yahoo.co.id'),
('CU005', 'Daffa Raihan Hilmy', 'Male', '089854352342', 'Jl. Ahmad Yani No. 66', 'daffarh321@gmail.com'),
('CU006', 'Iqrima Sudirman', 'Female', '089458392942', 'Jl. Pondok Gede No. 143', 'irma0988@gmail.com'),
('CU007', 'Jamal Raid Makil', 'Male', '089940384934', 'Jl. Anggur No. 3', 'jamalrm999@gmail.com'),
('CU008', 'Angie Marcheria', 'Female', '086699483048', 'Jl. Blok M No. 32', 'angiemarcheria@gmail.com'),
('CU009', 'Jonathan Christie', 'Male', '082346531293', 'Jl. Jendral Sudirman No. 332', 'jonathanchris@gmail.com'),
('CU010', 'Suti Mokil', 'Male', '082348931244', 'Jl. Cend,ana No. 10', 'jamal@gmail.com'),
('CU011', 'Jacksen Fereirra Tiago', 'Male', '082385945993', 'Jl. Riau No. 43', 'jacksentiago@gmail.com'),
('CU012', 'Alfin Muhammad Irfan', 'Male', '082344431293', 'Jl. Jendral Sudirman No. 87', 'alfinmirfan@gmail.com'),
('CU013', 'Jamilah', 'Female', '085548931593', 'Jl. KH. Ahmad Dahlan No. 56', 'jamilah@gmail.com'),
('CU014', 'Javlon Guseynov', 'Male', '082342931298', 'Jl. Ahmad Yani No. 40', 'javlonguseynov@gmail.com'),
('CU015', 'Kevin Sanjaya', 'Male', '089894333493', 'Jl. Pepaya No. 3', 'kevinsanjaya@gmail.com')


INSERT INTO Supplier VALUES 
('SU001', 'Kim Jeffrey Kurniawan', 'Jl. Industri No. 1'),
('SU002', 'Valeron', 'Jl. Industri No. 2'),
('SU003', 'Putra anjayani', 'Jl. Industri No. 3'),
('SU004', 'Dwingga Putra Tantra', 'Jl. Industri No. 4'),
('SU005', 'Adi Rachmad Abdillah', 'Jl. Industri No. 5'),
('SU006', 'Stela asmalana', 'Jl. Industri No. 6'),
('SU007', 'Chandra', 'Jl. Industri No. 7'),
('SU008', 'Anthony Sinisuka Ginting', 'Jl. Industri No. 8'),
('SU009', 'Arli suranda', 'Jl. Industri No. 9'),
('SU010', 'Zhafran', 'Jl. Industri No. 10'),
('SU011', 'Fatur Rahman Kusbini', 'Jl. Industri No. 11'),
('SU012', 'Nico Pratama Putra', 'Jl. Industri No. 12'),
('SU013', 'Alif sukurain', 'Jl. Industri No. 13'),
('SU014', 'Justin timberkan', 'Jl. Industri No. 14'),
('SU015', 'Rizky astomad', 'Jl. Industri No. 15')


INSERT INTO Category VALUES 
('PC001', 'Chair'),
('PC002', 'Stool'),
('PC003', 'Dining Table'),
('PC004', 'Coffee Table'),
('PC005', 'Bed'),
('PC006', 'Sofa'),
('PC007', 'Wardrobe'),
('PC008', 'Cabinet'),
('PC009', 'Drawer'),
('PC010', 'Other')


INSERT INTO Furniture VALUES 
('PR001', 'PC001', 'IKEA', 43, 100000, 300000),
('PR002', 'PC003', 'Furigami', 100, 100000, 150000),
('PR003', 'PC001', 'Ergotec', 56, 200000, 330000),
('PR004', 'PC003', 'Livien Maple', 75, 700000, 900000),
('PR005', 'PC002', 'Ashley Wood', 73, 500000, 600000),
('PR006', 'PC005', 'Comforta', 85, 1500000, 2000000),
('PR007', 'PC005', 'King Koil', 60, 1000000, 1300000),
('PR008', 'PC007', 'Graver', 85, 2000000, 2500000),
('PR009', 'PC006', 'Alextra', 30, 2000000, 2500000),
('PR010', 'PC007', 'Shenar', 54, 1500000, 1800000),
('PR013', 'PC002', 'Olymplast', 80, 500000, 750000),
('PR012', 'PC004', 'Informa', 53, 2000000, 2400000),
('PR011', 'PC008', 'Olympic', 40, 3000000, 3400000),
('PR014', 'PC009', 'Napolly', 67, 2000000, 2400000),
('PR015', 'PC010', 'Maspion', 55, 400000, 500000)


INSERT INTO SalesTransaction VALUES 
('SA001', 'ST001', 'CU001', '2015-01-21'),
('SA002', 'ST002', 'CU002', '2011-01-30'),
('SA003', 'ST003', 'CU003', '2017-02-08'),
('SA004', 'ST004', 'CU004', '2020-02-24'),
('SA005', 'ST005', 'CU005', '2018-03-05'),
('SA006', 'ST006', 'CU006', '2010-04-12'),
('SA007', 'ST007', 'CU007', '2012-05-13'),
('SA008', 'ST008', 'CU008', '2021-06-06'),
('SA009', 'ST009', 'CU009', '2013-06-26'),
('SA010', 'ST010', 'CU010', '2019-07-08'),
('SA011', 'ST011', 'CU011', '2020-08-12'),
('SA012', 'ST012', 'CU012', '2016-09-17'),
('SA013', 'ST013', 'CU013', '2017-10-22'),
('SA014', 'ST014', 'CU014', '2021-11-28'),
('SA015', 'ST015', 'CU015', '2014-12-31')


INSERT INTO DetailSalesTransaction VALUES 
('SA001', 'PR001', 12),
('SA001', 'PR002', 15),
('SA002', 'PR002', 12),
('SA002', 'PR003', 21),
('SA003', 'PR003', 12),
('SA003', 'PR004', 13),
('SA004', 'PR004', 10),
('SA004', 'PR005', 19),
('SA005', 'PR005', 15),
('SA005', 'PR006', 13),
('SA006', 'PR006', 10),
('SA006', 'PR007', 10),
('SA007', 'PR007', 10),
('SA007', 'PR008', 10),
('SA008', 'PR008', 10),
('SA008', 'PR009', 10),
('SA009', 'PR009', 10),
('SA009', 'PR010', 10),
('SA010', 'PR010', 13),
('SA011', 'PR011', 12),
('SA012', 'PR012', 14),
('SA013', 'PR013', 15),
('SA014', 'PR014', 12),
('SA015', 'PR015', 14),
('SA015', 'PR001', 12)



INSERT INTO PurchaseTransaction VALUES 
('PA001', 'ST001', 'SU001', '2021-01-04'),
('PA002', 'ST002', 'SU002', '2021-02-15'),
('PA003', 'ST003', 'SU003', '2021-03-21'),
('PA004', 'ST004', 'SU004', '2021-04-06'),
('PA005', 'ST005', 'SU005', '2021-05-17'),
('PA006', 'ST006', 'SU006', '2021-06-28'),
('PA007', 'ST007', 'SU007', '2021-06-08'),
('PA008', 'ST008', 'SU008', '2021-07-19'),
('PA009', 'ST009', 'SU009', '2021-08-27'),
('PA010', 'ST010', 'SU010', '2021-09-13'),
('PA011', 'ST011', 'SU011', '2021-09-22'),
('PA012', 'ST012', 'SU012', '2021-10-20'),
('PA013', 'ST013', 'SU013', '2021-10-10'),
('PA014', 'ST014', 'SU014', '2021-11-29'),
('PA015', 'ST015', 'SU015', '2021-12-25')



INSERT INTO DetailPurchaseTransaction VALUES 
('PA001', 'PR001', 8),
('PA002', 'PR001', 6),
('PA003', 'PR002', 60),
('PA004', 'PR002', 42),
('PA005', 'PR003', 15),
('PA006', 'PR003', 15),
('PA007', 'PR004', 2),
('PA008', 'PR004', 5),
('PA009', 'PR005', 13),
('PA010', 'PR005', 7),
('PA011', 'PR006', 13),
('PA012', 'PR006', 15),
('PA013', 'PR006', 10),
('PA014', 'PR007', 25),
('PA015', 'PR007', 15),
('PA001', 'PR008', 14),
('PA002', 'PR008', 14),
('PA003', 'PR009', 17),
('PA004', 'PR009', 13),
('PA005', 'PR010', 27),
('PA006', 'PR011', 12),
('PA007', 'PR012', 17),
('PA008', 'PR013', 15),
('PA009', 'PR014', 9),
('PA010', 'PR015', 29)